 Paróquia São Sebastião e São Vicente,"('9491000', (-19.835972, -43.98044))"
 Júlia Modas,"('4781400', (-19.836122, -43.982176))"
 L A INSTALAÇÕES,"('4321500', (-19.836122, -43.982176))"
